Domain_ID,Domain_Name,Domain_Percentage,Task_ID,Task_Number,Task_Title,Enabler_Number,Enabler_Text,Front_Concept,Back_Knowledge,Theme_Tags,Methodology_Tags,Knowledge_Area_Tags,Difficulty_Level,Source_Context,Validation_Status
people,People,33,people-1,1,Develop a common vision,1,Help ensure a shared vision with key stakeholders.,Explain the relationship between project charter, business case, and shared vision in stakeholder alignment.,The project charter serves as the foundational document that authorizes the project and contains the high-level vision and objectives. The business case provides the justification and expected value proposition. The shared vision emerges from aligning these documents with stakeholder expectations and organizational strategy. Effective project managers use the charter to communicate vision, reference the business case to maintain focus on value, and continuously facilitate stakeholder discussions to ensure shared understanding. This alignment is critical for securing stakeholder commitment and guiding decision-making throughout the project lifecycle.,,Predictive,Hybrid,Integration,Stakeholder,standard,[PMBOK 8th] Chapter 2.3,approved
people,People,33,people-1,1,Develop a common vision,1,Help ensure a shared vision with key stakeholders.,How does the Stakeholder Engagement Assessment Matrix help ensure a shared vision with key stakeholders?,The Stakeholder Engagement Assessment Matrix is a strategic tool that compares stakeholders' current engagement levels (Unaware, Resistant, Neutral, Supportive, Leading) with their desired engagement states needed for project success. By identifying gaps between current and desired engagement, project managers can develop targeted strategies to move stakeholders toward optimal involvement levels. For shared vision creation, this matrix helps prioritize which stakeholders need vision communication, involvement in vision workshops, or active participation in vision refinement. It ensures that key influencers achieve Leading status while addressing resistance before it impacts project alignment. The matrix facilitates systematic stakeholder management rather than ad-hoc communication.,,Hybrid,Predictive,Stakeholder,Communication,standard,[PMBOK 8th] Chapter 13.3,approved
people,People,33,people-1,1,Develop a common vision,1,Help ensure a shared vision with key stakeholders.,What facilitation techniques are most effective for creating shared vision in cross-functional stakeholder groups?,Effective vision creation facilitation requires multiple techniques: (1) Strategic workshops using structured facilitation to guide diverse stakeholders through vision definition exercises; (2) Visual facilitation using diagrams, mind maps, and storyboards to make abstract concepts tangible; (3) Breakout sessions for smaller group discussions followed by consolidation; (4) Consensus-building techniques like nominal group technique or dot voting for prioritization; (5) storytelling approaches to connect vision to personal and organizational values; (6) Active listening exercises to ensure all voices are heard. The facilitator must manage group dynamics, encourage participation while maintaining focus, and document emerging themes. These techniques work across methodologies but require adaptation for Agile environments (vision sprint workshops) versus Predictive settings (formal charter sessions).,Hybrid,Agile,Stakeholder,Communication,advanced,[Process Groups Practice Guide] Chapter 4.2,approved
people,People,33,people-1,1,Develop a common vision,1,Help ensure a shared vision with key stakeholders.,Describe the power/interest grid and its application in stakeholder vision alignment.,The power/interest grid classifies stakeholders into four quadrants: (1) High Power/High Interest (Key Players) - Manage closely and involve in vision creation; (2) High Power/Low Interest (Keep Satisfied) - Consult on vision impact and secure support; (3) Low Power/High Interest (Keep Informed) - Share vision updates and gather feedback; (4) Low Power/Low Interest (Monitor) - Provide minimal vision information. For shared vision development, focus intensive efforts on Key Players through collaborative vision workshops, while ensuring Keep Satisfied stakeholders understand how vision aligns with their strategic objectives. Keep Informed stakeholders receive regular vision communications to maintain their engagement. This tool helps prioritize vision alignment efforts where they'll have greatest impact, preventing resource waste on stakeholders who won't significantly affect project success.,Predictive,Hybrid,Stakeholder,standard,[PMBOK 8th] Chapter 13.1,approved
people,People,33,people-1,1,Develop a common vision,1,Help ensure a shared vision with key stakeholders.,How do cultural and organizational factors influence shared vision development?,Cultural and organizational factors significantly impact vision development: (1) Organizational culture determines preferred communication styles, decision-making processes, and change tolerance; (2) Cultural dimensions like power distance, individualism vs. collectivism, and uncertainty avoidance affect stakeholder participation and vision acceptance; (3) Organizational structure (hierarchical vs. flat) influences vision dissemination methods; (4) Previous project experiences shape stakeholder skepticism or enthusiasm; (5) Industry norms provide context for vision credibility; (6) Geographic considerations may require vision translation and adaptation. Global projects require particular attention to cultural nuances, with vision messaging adapted to regional contexts while maintaining core objectives. Understanding these factors enables project managers to tailor vision creation approaches, avoid cultural missteps, and build inclusive vision that resonates across diverse stakeholder groups.,Hybrid,Stakeholder,Communication,advanced,[PMBOK 8th] Chapter 2.4,approved
people,People,33,people-1,1,Develop a common vision,1,Help ensure a shared vision with key stakeholders.,Explain how servant leadership principles support shared vision development with stakeholders.,Servant leadership focuses on serving others first, which directly supports shared vision creation through: (1) Active listening to understand stakeholder needs and concerns before presenting vision; (2) Empathy building by acknowledging diverse perspectives and incorporating them into vision statements; (3) Stakeholder focus by prioritizing their growth and development as part of project outcomes; (4) Community building through fostering collaborative relationships that support vision ownership; (5) Stewardship of organizational resources and values to ensure vision aligns with broader objectives. Servant leaders ask "How can I help you succeed?" rather than directing from authority, creating psychological safety for stakeholders to contribute authentically to vision development. This approach builds trust and commitment, leading to more robust shared vision that stakeholders actively support rather than passively accept.,Agile,Hybrid,Stakeholder,Resource,standard,[Process Groups Practice Guide] Chapter 3.1,approved
people,People,33,people-1,1,Develop a common vision,1,Help ensure a shared vision with key stakeholders.,What role does stakeholder analysis play in developing a shared vision?,Stakeholder analysis provides the foundation for shared vision development by: (1) Identifying all individuals, groups, and organizations who can affect or be affected by the project; (2) Assessing their interests, expectations, influence, and impact on project success; (3) Understanding their current level of vision awareness and buy-in; (4) Determining appropriate engagement strategies for each stakeholder group; (5) Identifying potential vision champions and resistors; (6) Mapping stakeholder relationships and communication networks. Thorough analysis enables project managers to tailor vision messaging, prioritize stakeholder involvement, anticipate conflicts, and develop targeted strategies for building shared understanding. Without systematic stakeholder analysis, vision development risks overlooking critical perspectives, underestimating resistance, or misallocating relationship-building efforts.,Predictive,Hybrid,Stakeholder,foundational,[PMBOK 8th] Chapter 13.1,approved
people,People,33,people-1,1,Develop a common vision,1,Help ensure a shared vision with key stakeholders.,How does vision alignment with organizational strategy ensure project success?,Vision alignment with organizational strategy ensures project success through multiple mechanisms: (1) Resource allocation alignment, where projects supporting strategic priorities receive necessary funding, staffing, and management attention; (2) Executive sponsorship, as aligned visions更容易获得高级领导层的支持; (3) Cross-departmental collaboration breaks down silos when vision supports broader organizational objectives; (4) Change management becomes more effective when project vision supports strategic transformation initiatives; (5) Risk reduction occurs because strategic alignment minimizes conflicting priorities; (6) Benefits realization increases when project outcomes contribute to measurable organizational goals. Projects with misaligned vision often face funding cuts, political resistance, or operational isolation despite technical success. Strategic alignment creates organizational commitment to project success beyond the immediate team.,Value_Delivery,Hybrid,Predictive,Integration,Strategy,advanced,[PMBOK 8th] Chapter 1.5,approved
people,People,33,people-1,1,Develop a common vision,1,Help ensure a shared vision with key stakeholders.,Describe the components of an effective project vision statement.,An effective project vision statement contains six essential components: (1) Aspirational outcome - Clear description of the desired future state or impact; (2) Success criteria - Measurable indicators of vision achievement; (3) Stakeholder benefits - Specific value delivered to key stakeholder groups; (4) Strategic alignment - Connection to broader organizational or business objectives; (5) Time horizon - Realistic timeframe for vision realization; (6) Inspirational language - Compelling narrative that motivates action. Strong vision statements are concise enough for easy recall but detailed enough to provide clear direction. They avoid technical jargon while remaining specific enough to guide decision-making. Effective statements balance ambitious goals with practical achievability, creating stretch objectives that energize stakeholders without appearing unrealistic. This clarity helps stakeholders understand their role in vision achievement and make consistent decisions.,Hybrid,Agile,Predictive,Integration,Communication,standard,[Process Groups Practice Guide] Chapter 4.1,approved
people,People,33,people-1,1,Develop a common vision,1,Help ensure a shared vision with key stakeholders.,What communication channels are most effective for different stakeholder groups in vision sharing?,Effective vision communication requires channel selection based on stakeholder preferences and organizational culture: (1) Executive leadership typically responds best to formal presentations, executive summaries, and one-on-one briefings; (2) Technical stakeholders require detailed documentation, specifications, and working sessions; (3) End users benefit from demonstrations, prototypes, and user stories; (4) External partners need formal agreements, partnership meetings, and joint planning sessions; (5) Regulatory stakeholders prefer written compliance documentation and formal reviews. Interactive channels (workshops, meetings) build ownership through participation, while formal channels (documents, presentations) provide official records. Digital platforms support distributed teams, but face-to-face communication often proves most effective for complex vision concepts. Channel selection impacts message retention, engagement levels, and ultimately vision adoption success.,Hybrid,Communication,Stakeholder,standard,[PMBOK 8th] Chapter 10.2,approved
people,People,33,people-1,1,Develop a common vision,1,Help ensure a shared vision with key stakeholders.,How does vision creation differ in Agile environments compared to Predictive approaches?,Agile vision creation emphasizes collaborative emergence and iterative refinement through: (1) Product vision workshops with cross-functional teams and key stakeholders; (2) User story mapping to connect vision to concrete deliverables; (3) Sprint goals that incrementally build toward the overall vision; (4) Frequent stakeholder feedback loops for vision validation and adjustment; (5) Visual radiators (story maps, roadmaps) for transparent vision communication; (6) Product backlog prioritization aligned with vision themes. Predictive approaches rely on comprehensive upfront vision documentation, formal charter approvals, and detailed scope statements. While Agile vision evolves based on learning, the core vision remains stable to provide strategic direction. Agile methods excel when requirements are uncertain or rapid adaptation is needed, while Predictive works better for clearly defined, stable requirements where comprehensive planning ensures stakeholder alignment.,Agile,Stakeholder,Integration,standard,[Agile Practice Guide] Chapter 3.2,approved
people,People,33,people-1,1,Develop a common vision,1,Help ensure a shared vision with key stakeholders.,What AI-enhanced tools can improve stakeholder vision alignment and shared understanding?,AI tools can significantly enhance vision alignment through: (1) Sentiment analysis of stakeholder communications to identify vision understanding gaps and resistance areas; (2) Natural language processing for analyzing feedback across multiple channels to extract common themes and concerns; (3) Predictive analytics to forecast stakeholder engagement levels based on communication patterns and participation; (4) Automated document analysis ensuring vision consistency across project artifacts and stakeholder materials; (5) Virtual collaboration platforms with real-time translation for global stakeholder teams; (6) AI-powered visualization tools that transform complex vision concepts into accessible graphics and simulations. These tools provide data-driven insights for targeted vision communication strategies, enabling project managers to address potential misalignments before they become issues. However, AI should supplement rather than replace human judgment in vision development.,AI,Hybrid,Agile,Stakeholder,Communication,advanced,[Leading and Managing AI Projects] Chapter 4.1,approved
people,People,33,people-1,1,Develop a common vision,1,Help ensure a shared vision with key stakeholders.,How can project managers effectively handle stakeholder conflicts during vision development workshops?,Effective conflict management during vision workshops requires structured approaches: (1) Establish ground rules for constructive dialogue before vision discussions begin; (2) Use professional facilitation techniques to maintain focus on shared interests rather than positions; (3) Apply interest-based negotiation to find common ground between conflicting stakeholder needs; (4) Create break-out groups for smaller, less intimidating discussions before bringing issues back to the full group; (5) Use visual facilitation to make abstract concepts concrete and identify areas of agreement; (6) Document consensus points and areas requiring further exploration; (7) Schedule follow-up sessions for complex conflicts that can't be resolved immediately. The project manager must remain neutral, acknowledge all perspectives, and guide stakeholders toward win-win solutions. When conflicts involve fundamental vision disagreements, escalation to project sponsors or additional stakeholder analysis may be necessary.,Hybrid,Stakeholder,Communication,standard,[Process Groups Practice Guide] Chapter 3.3,approved
people,People,33,people-1,1,Develop a common vision,1,Help ensure a shared vision with key stakeholders.,Explain the relationship between benefits realization and shared vision development.,Benefits realization provides the business case foundation for shared vision by: (1) Defining measurable value outcomes that justify project investment; (2) Creating success criteria that transform abstract vision into concrete deliverables; (3) Establishing benefit measurement frameworks for tracking vision achievement; (4) Aligning stakeholder expectations with realistic project outcomes; (5) Providing ongoing motivation through demonstrated progress toward vision benefits. Effective shared vision connects desired future state to specific organizational benefits, making the vision tangible and compelling. Benefits realization planning helps stakeholders understand "what's in it for me" while aligning personal interests with organizational objectives. This connection ensures sustained stakeholder commitment throughout project execution and provides objective criteria for vision validation. Without clear benefits linkage, vision statements risk becoming aspirational but unachievable goals.,Value_Delivery,Hybrid,Predictive,Integration,advanced,[Benefits Realization Management Practice Guide] Chapter 2.1,approved
people,People,33,people-1,1,Develop a common vision,1,Help ensure a shared vision with key stakeholders.,What sustainability considerations should be incorporated into shared vision development?,Sustainability integration in vision development requires addressing environmental, social, and governance (ESG) dimensions: (1) Environmental considerations include resource efficiency, climate impact, and ecological stewardship that align with organizational sustainability goals; (2) Social aspects encompass stakeholder well-being, community impact, diversity and inclusion, and ethical practices; (3) Governance factors involve regulatory compliance, risk management, and transparent decision-making; (4) Economic sustainability ensures long-term value creation beyond short-term project metrics; (5) Cultural sustainability respects stakeholder values and preserves organizational identity. Incorporating sustainability makes vision more resilient to changing market demands, stakeholder expectations, and regulatory requirements. It demonstrates organizational responsibility and can enhance brand reputation and stakeholder buy-in. Sustainable visions consider lifecycle impacts and create value for multiple stakeholder groups while maintaining organizational viability.,Sustainability,Hybrid,Strategy,Integration,standard,[MegaTrends 2024] Chapter 5.3,approved
people,People,33,people-1,1,Develop a common vision,1,Help ensure a shared vision with key stakeholders.,How do influence tactics support shared vision development with resistant stakeholders?,Effective influence tactics for vision development include: (1) Rational persuasion using logical arguments and evidence to demonstrate vision benefits; (2) Inspirational appeals connecting vision to stakeholder values and higher purposes; (3) Consultation involving stakeholders in vision refinement to build ownership; (4) Legitimacy building by referencing organizational authority and strategic alignment; (5) Coalition building creating networks of vision supporters who can influence resistant stakeholders; (6) Exchange offering reciprocal benefits or incentives for vision support; (7) Pressure tactics (last resort) using formal authority or consequences. Successful vision leaders select tactics based on stakeholder relationships, organizational culture, and resistance sources. The most effective approach combines multiple tactics consistently applied over time. Influence must feel authentic and stakeholder-centered rather than manipulative to build genuine commitment to shared vision.,Hybrid,Stakeholder,Communication,standard,[Process Groups Practice Guide] Chapter 3.2,approved
people,People,33,people-1,1,Develop a common vision,1,Help ensure a shared vision with key stakeholders.,What are the key differences between vision workshops in hybrid versus traditional project approaches?,Hybrid vision workshops blend structured planning with adaptive collaboration through: (1) Combined upfront vision definition with iterative refinement checkpoints; (2) Traditional stakeholder analysis complemented by continuous feedback loops; (3) Formal charter documentation supplemented by visual radiators and story mapping; (4) Structured facilitation balanced with emergent collaboration techniques; (5) Fixed core vision elements with flexible implementation approaches; (6) Predictive milestones alongside agile-inspired retrospectives for vision validation. Traditional approaches emphasize comprehensive upfront vision development with minimal change, while hybrid approaches maintain stable vision elements while adapting stakeholder engagement strategies. Hybrid methods work well for projects with clear strategic objectives but uncertain implementation paths, allowing vision stability while maintaining stakeholder alignment flexibility.,Hybrid,Stakeholder,Integration,standard,[Process Groups Practice Guide] Chapter 6.1,approved
people,People,33,people-1,1,Develop a common vision,1,Help ensure a shared vision with key stakeholders.,Explain how vision validation differs across project lifecycle phases.,Vision validation evolves through project phases: (1) Initiation phase focuses on stakeholder agreement with initial vision concept and strategic alignment verification; (2) Planning phase emphasizes detailed vision decomposition, stakeholder role clarification, and communication planning; (3) Execution phase involves regular vision reinforcement, stakeholder feedback collection, and alignment confirmation; (4) Monitoring/Controlling phase includes vision alignment metrics, stakeholder satisfaction assessment, and corrective action identification; (5) Closing phase validates vision achievement, documents lessons learned, and measures benefits realization. Each phase requires different validation techniques, from formal approvals in early phases to performance metrics in later phases. Continuous validation ensures vision remains relevant, stakeholders stay aligned, and the project delivers intended value. Validation frequency and methods should adapt to project methodology and stakeholder needs.,Predictive,Hybrid,Integration,Monitoring,advanced,[PMBOK 8th] Chapter 4.6,approved
people,People,33,people-1,1,Develop a common vision,1,Help ensure a shared vision with key stakeholders.,What metrics can be used to measure shared vision effectiveness and stakeholder alignment?,Shared vision effectiveness can be measured through: (1) Stakeholder understanding surveys assessing vision clarity and alignment across different groups; (2) Communication effectiveness metrics tracking message retention and feedback quality; (3) Decision-making consistency evaluating whether choices align with stated vision principles; (4) Engagement participation rates measuring stakeholder involvement in vision-related activities; (5) Conflict frequency and resolution success indicating vision acceptance levels; (6) Performance correlations linking vision alignment to project delivery outcomes; (7) Benefits realization tracking demonstrating vision translation into actual value. Quantitative measures include survey scores, participation rates, and performance indicators, while qualitative assessment involves stakeholder interviews, observation, and feedback analysis. Regular measurement enables corrective action and demonstrates vision development ROI.,Hybrid,Predictive,Monitoring,Communication,standard,[PMBOK 8th] Chapter 13.4,approved
people,People,33,people-1,1,Develop a common vision,1,Help ensure a shared vision with key stakeholders.,How should project managers handle vision misalignment between executive sponsors and end-user stakeholders?,Vision misalignment between sponsors and users requires careful navigation: (1) Conduct stakeholder analysis to understand underlying interests and concerns driving misalignment; (2) Facilitate joint workshops to surface assumptions and find common ground; (3) Document alignment gaps and develop compromise solutions addressing both perspectives; (4) Use pilot programs or prototypes to demonstrate vision feasibility and user value; (5) Apply change management techniques to build user buy-in for sponsor-driven vision elements; (6) Escalate unresolvable conflicts with recommended solutions to appropriate governance bodies; (7) Create communication plans that address both executive and user perspectives. Success depends on finding win-win solutions rather than forcing one group's vision on another. Project managers must remain neutral facilitators while maintaining focus on organizational value and project success.,Hybrid,Stakeholder,Communication,advanced,[Process Groups Practice Guide] Chapter 3.4,approved
people,People,33,people-1,1,Develop a common vision,1,Help ensure a shared vision with key stakeholders.,What role does emotional intelligence play in developing shared vision with stakeholders?,Emotional intelligence (EQ) is critical for vision development through: (1) Self-awareness to understand personal biases and communication style impact on stakeholders; (2) Self-regulation to manage reactions during difficult vision discussions and conflicts; (3) Motivation to persist through vision alignment challenges and inspire stakeholder commitment; (4) Empathy to understand stakeholder perspectives, concerns, and underlying interests; (5) Social skills to build relationships, facilitate collaboration, and communicate vision persuasively. High-EQ project managers read room dynamics, adapt communication approaches, and build trust across diverse stakeholder groups. They navigate sensitive conversations about vision trade-offs and create psychological safety for honest stakeholder feedback. EQ enables project managers to transform vision resistance into commitment and stakeholder diversity into strength rather than division.,Hybrid,Agile,Stakeholder,Communication,standard,[Process Groups Practice Guide] Chapter 3.5,approved
people,People,33,people-1,1,Develop a common vision,1,Help ensure a shared vision with key stakeholders.,How do virtual collaboration tools impact shared vision development in distributed teams?,Virtual collaboration tools transform vision development through: (1) Digital whiteboards and mind mapping software for collaborative vision brainstorming; (2) Video conferencing platforms enabling face-to-face interaction across geographic boundaries; (3) Shared document repositories for vision artifact co-creation and version control; (4) Virtual reality and 3D visualization tools making abstract vision concepts tangible; (5) Asynchronous discussion forums allowing stakeholder participation across time zones; (6) Real-time polling and survey tools for instant vision feedback gathering. While virtual tools increase accessibility and reduce costs, they require careful facilitation to maintain engagement, build relationships, and ensure equal participation. Successful virtual vision creation combines synchronous sessions for relationship building with asynchronous work for deep thinking and stakeholder flexibility.,AI,Value_Delivery,Hybrid,Agile,Communication,Technology,standard,[Leading and Managing AI Projects] Chapter 5.2,approved
people,People,33,people-1,1,Develop a common vision,1,Help ensure a shared vision with key stakeholders.,Explain the concept of vision erosion and strategies to prevent it.,Vision erosion occurs when shared understanding and commitment to project vision deteriorate over time due to: (1) Daily operational focus overwhelming strategic thinking; (2) New team members lacking vision indoctrination; (3) Competing priorities and resource constraints; (4) Change fatigue and stakeholder burnout; (5) Communication breakdowns and inconsistent messaging. Prevention strategies include: (1) Regular vision reinforcement through meetings, artifacts, and decision-making frameworks; (2) Vision integration into project processes, metrics, and recognition systems; (3) Storytelling and success examples connecting daily work to broader vision; (4) Ongoing stakeholder engagement and feedback collection; (5) Leadership modeling of vision-aligned behavior and decision-making; (6) Celebrating vision milestones and recognizing contributors. Vision maintenance requires continuous attention, not just initial creation.,Hybrid,Predictive,Integration,Communication,advanced,[PMBOK 8th] Chapter 2.6,approved
people,People,33,people-1,1,Develop a common vision,1,Help ensure a shared vision with key stakeholders.,What methods can be used to validate stakeholder understanding of project vision?,Stakeholder vision understanding validation requires multiple approaches: (1) Teach-back methods where stakeholders explain vision in their own words; (2) Scenario-based testing presenting real-world situations to see if stakeholder decisions align with vision; (3) Vision mapping exercises where stakeholders connect specific activities to vision elements; (4) Cross-stakeholder interviews checking consistency of vision interpretation across groups; (5) Survey assessments measuring vision clarity, relevance, and achievability perceptions; (6) Decision-making audits evaluating whether choices reflect vision principles; (7) Story creation exercises asking stakeholders to vision scenarios. Validation should occur at multiple project stages with diverse stakeholders to ensure shared understanding. Gaps identified through validation inform targeted communication and engagement strategies.,Hybrid,Predictive,Monitoring,Stakeholder,standard,[Process Groups Practice Guide] Chapter 4.3,approved
people,People,33,people-1,1,Develop a common vision,1,Help ensure a shared vision with key stakeholders.,How does change management methodology support shared vision development?,Change management provides structured approaches for vision adoption: (1) Stakeholder impact analysis identifying who needs to change and how vision affects their work; (2) Communication planning delivering vision messages through appropriate channels and timing; (3) Sponsorship mapping ensuring vision champions at appropriate organizational levels; (4) Training and support building capability for vision-aligned behaviors and processes; (5) Resistance management addressing barriers to vision acceptance and commitment; (6) Reinforcement mechanisms sustaining vision-aligned changes through recognition and measurement. Effective change management recognizes vision creation as organizational change requiring structured approaches beyond simple communication. It addresses emotional and practical barriers to vision adoption while building organizational capacity for sustained vision achievement.,Hybrid,Stakeholder,Integration,standard,[PMBOK 8th] Chapter 4.5,approved
people,People,33,people-1,1,Develop a common vision,1,Help ensure a shared vision with key stakeholders.,What negotiation strategies are most effective for building stakeholder consensus on project vision?,Effective vision negotiation employs multiple strategies: (1) Interest-based negotiation focusing on underlying needs rather than positions; (2) Value creation through expanding available options rather than fixed-sum thinking; (3) Objective criteria using external standards and benchmarks for vision validation; (4) Separate people from problems maintaining relationships while solving substantive issues; (5) Fisher and Ury principled negotiation creating win-win outcomes through mutual gain; (6) BATNA (Best Alternative to Negotiated Agreement) awareness understanding options if consensus fails; (7) Active listening ensuring all stakeholder concerns are heard and addressed. Successful vision negotiators prepare thoroughly, build trust before substantive discussions, and remain flexible on solutions while firm on vision principles. They seek creative solutions that address diverse stakeholder needs while maintaining project viability and organizational alignment.,Hybrid,Stakeholder,Communication,advanced,[Process Groups Practice Guide] Chapter 3.2,approved
people,People,33,people-1,1,Develop a common vision,1,Help ensure a shared vision with key stakeholders.,Explain how project managers can use storytelling to enhance shared vision development.,Storytelling transforms abstract vision concepts into compelling narratives through: (1) Future vision stories describing the world after successful project completion; (2) Stakeholder journey narratives showing how different groups benefit from project outcomes; (3) Success story examples from similar projects demonstrating vision achievability; (4) Change stories explaining why vision is necessary and urgent; (5) Hero stories positioning stakeholders as key players in vision achievement; (6) Metaphor and analogy making complex vision elements relatable and memorable. Effective vision stories include emotional appeal, concrete details, clear stakes, and call to action. They connect vision to stakeholder values and experiences while making abstract outcomes tangible. Stories told consistently across different stakeholder groups build shared understanding and commitment to vision achievement.,Hybrid,Agile,Communication,Stakeholder,standard,[Process Groups Practice Guide] Chapter 4.4,approved
people,People,33,people-1,1,Develop a common vision,1,Help ensure a shared vision with key stakeholders.,How should project managers adapt vision communication for different stakeholder personality types?,Vision communication adaptation requires understanding personality preferences: (1) Analytical stakeholders respond to data, logic, and detailed evidence supporting vision benefits; (2) Driver personalities prefer concise, action-oriented vision messages with clear success metrics; (3) Amiable stakeholders need relationship building, trust development, and vision impact on people; (4) Expressive types respond to inspirational stories, visual elements, and opportunity for recognition. Communication channels should match preferences—detailed reports for analytical, executive summaries for drivers, relationship meetings for amiable, and presentations for expressive stakeholders. Timing and pace also vary—analytical types need processing time, drivers want quick decisions, amiable stakeholders require relationship building time, and expressive types prefer interactive dialogue. Adapting communication increases vision acceptance and stakeholder engagement.,Hybrid,Stakeholder,Communication,standard,[Process Groups Practice Guide] Chapter 3.6,approved
people,People,33,people-1,1,Develop a common vision,1,Help ensure a shared vision with key stakeholders.,What methods can be used to create psychological safety during vision development discussions?,Psychological safety for vision creation requires deliberate facilitation: (1) Establish ground rules ensuring respect, confidentiality, and constructive participation; (2) Use anonymous input methods for sensitive vision topics to reduce fear of judgment; (3) Start with relationship-building activities before substantive vision discussions; (4) Encourage equal participation through structured facilitation and turn-taking; (5) Acknowledge all contributions while separating ideas from personal identity; (6) Model vulnerability by sharing challenges and uncertainty; (7) Create "no-blame" environments where vision concerns can be raised safely; (8) Use professional facilitators for high-stakes vision discussions. Psychological safety enables honest feedback about vision feasibility, concerns about impact, and creative thinking without fear of repercussions. This safety is essential for discovering stakeholder true priorities and building authentic commitment to shared vision.,Agile,Hybrid,Stakeholder,Communication,standard,[Agile Practice Guide] Chapter 4.1,approved
people,People,33,people-1,1,Develop a common vision,1,Help ensure a shared vision with key stakeholders.,Describe the relationship between organizational governance and shared vision development.,Organizational governance provides the framework for vision development through: (1) Decision-making structures defining who approves and modifies project vision; (2) Escalation paths for resolving vision conflicts beyond project level; (3) Compliance requirements ensuring vision aligns with legal, ethical, and regulatory standards; (4) Resource allocation mechanisms prioritizing projects with vision alignment to strategic objectives; (5) Performance management systems measuring and rewarding vision-aligned behaviors; (6) Risk management frameworks assessing vision feasibility and organizational impact; (7) Change control processes managing vision evolution while maintaining stability. Strong governance provides vision development legitimacy, ensures organizational alignment, and protects against vision drift. However, excessive governance can stifle creativity and slow vision adaptation. Effective governance balances control with flexibility.,Predictive,Hybrid,Governance,Integration,advanced,[PMBOK 8th] Chapter 1.4,approved
people,People,33,people-1,1,Develop a common vision,1,Help ensure a shared vision with key stakeholders.,How do generational differences impact shared vision development and stakeholder engagement?,Generational differences significantly influence vision communication and engagement: (1) Traditionalists (born 1927-1945) value stability, formal communication, and organizational hierarchy in vision alignment; (2) Baby Boomers (1946-1964) respond to face-to-face communication, competitive vision framing, and recognition opportunities; (3) Generation X (1965-1980) prefer direct, results-oriented vision communication with work-life balance considerations; (4) Millennials (1981-1996) value purpose-driven vision, sustainability integration, and collaborative vision development; (5) Generation Z (1997-2012) expect digital-first communication, innovation focus, and authentic vision storytelling. Effective vision development adapts communication channels, messaging emphasis, and engagement methods across generations while maintaining core vision consistency. Cross-generational vision workshops can leverage diverse perspectives while building shared understanding across age groups.,Value_Delivery,Hybrid,Stakeholder,Communication,standard,[Pulse of the Profession 2025] Chapter 3.4,approved
people,People,33,people-1,1,Develop a common vision,1,Help ensure a shared vision with key stakeholders.,What role does stakeholder mapping play in vision development priority setting?,Stakeholder mapping guides vision development prioritization through: (1) Influence/impact analysis identifying stakeholders who can affect or be affected by vision decisions; (2) Power/interest grid determining engagement intensity and vision communication frequency; (3) Relationship mapping understanding stakeholder networks and communication flow patterns; (4) Attitude assessment identifying vision supporters, resistors, and neutral parties requiring different engagement strategies; (5) Responsibility assignment matrices clarifying vision development roles and accountabilities. Effective mapping ensures vision development resources focus on stakeholders with greatest impact potential while addressing resistance sources early. Priority setting considers both immediate influence and long-term vision sustainability, engaging key decision-makers while building broad-based support for vision implementation.,Predictive,Hybrid,Stakeholder,foundational,[PMBOK 8th] Chapter 13.1,approved
people,People,33,people-1,1,Develop a common vision,1,Help ensure a shared vision with key stakeholders.,How can project managers measure ROI of vision development activities?,Vision development ROI measurement includes both quantitative and qualitative metrics: (1) Cost analysis comparing vision development expenses against benefits such as reduced change orders, faster decision making, and improved stakeholder satisfaction; (2) Time-to-value metrics measuring reduced alignment time and faster project initiation due to clear vision; (3) Risk reduction quantifying avoided issues through better stakeholder alignment and early conflict resolution; (4) Performance correlations linking vision clarity scores to project delivery success rates; (5) Stakeholder satisfaction surveys measuring engagement levels and commitment to vision; (6) Benefits realization tracking demonstrating vision translation into organizational value; (7) Lessons learned documentation improving future vision development efficiency. ROI analysis should consider both short-term project benefits and long-term organizational value creation.,Value_Delivery,Hybrid,Predictive,Monitoring,Integration,advanced,[Benefits Realization Management Practice Guide] Chapter 4.2,approved
people,People,33,people-1,1,Develop a common vision,1,Help ensure a shared vision with key stakeholders.,What communication barriers commonly impede shared vision development?,Common vision communication barriers include: (1) Semantic confusion where stakeholders interpret vision terminology differently; (2) Filter effects where personal experiences and biases distort vision message reception; (3) Information overload preventing stakeholders from processing vision elements; (4) Cultural differences creating varying interpretations of vision concepts and priorities; (5) Organizational silos limiting cross-departmental vision understanding and alignment; (6) Trust deficits causing skepticism about vision feasibility and intentions; (7) Change resistance stemming from fear of unknown or perceived vision threats; (8) Communication channel mismatches using wrong methods for stakeholder preferences. Identifying and addressing these barriers requires systematic communication planning, active listening, feedback mechanisms, and adaptive communication strategies tailored to stakeholder needs.,Hybrid,Communication,Stakeholder,foundational,[PMBOK 8th] Chapter 10.1,approved
people,People,33,people-1,1,Develop a common vision,1,Help ensure a shared vision with key stakeholders.,How does organizational change capacity affect shared vision development approach?,Organizational change capacity determines vision development approach through: (1) Change maturity assessment evaluating organization's experience and capability with transformation initiatives; (2) Resource availability determining vision development investment in facilitation, communication, and engagement activities; (3) Leadership sponsorship strength influencing vision credibility and stakeholder confidence; (4) Cultural readiness assessing openness to change and appetite for innovation; (5) Previous change experiences shaping stakeholder skepticism or enthusiasm for vision proposals; (6) Infrastructure support including communication systems, collaboration tools, and learning capabilities. High-change-capacity organizations can handle ambitious vision with rapid implementation, while change-constrained organizations require more gradual vision development with extensive stakeholder preparation. Approach adaptation prevents overwhelming stakeholders while maximizing vision achievement potential.,Hybrid,Integration,Strategy,standard,[PMBOK 8th] Chapter 2.5,approved
people,People,33,people-1,1,Develop a common vision,1,Help ensure a shared vision with key stakeholders.,What techniques help maintain vision consistency across multiple project phases and stakeholder groups?,Vision consistency maintenance requires structured approaches: (1) Vision blueprint documentation providing detailed, accessible reference materials; (2) Version control systems managing vision evolution while tracking changes and rationales; (3) Cross-functional vision champions ensuring consistent messaging across different stakeholder interactions; (4) Regular vision audits checking alignment of decisions, communications, and actions with stated vision; (5) Story standardization creating core vision narratives adapted for different stakeholder groups while maintaining core messages; (6) Training programs educating team members and stakeholders on vision elements and communication approaches; (7) Feedback loops identifying vision inconsistencies and corrective actions. Consistency enables stakeholders to build reliable mental models of project direction while allowing appropriate adaptation for different contexts.,Hybrid,Predictive,Integration,Communication,standard,[PMBOK 8th] Chapter 4.4,approved
people,People,33,people-1,1,Develop a common vision,1,Help ensure a shared vision with key stakeholders.,Explain how risk management processes support shared vision development.,Risk management enhances vision development by: (1) Risk identification surfacing potential threats to vision achievement requiring stakeholder attention; (2) Risk analysis quantifying vision threats and opportunities to prioritize stakeholder engagement focus; (3) Risk response planning developing strategies to address vision threats while maximizing positive opportunities; (4) Risk monitoring providing early warning systems for vision misalignment or stakeholder resistance; (5) Risk communication informing stakeholders about vision-related risks and mitigation strategies; (6) Risk appetite assessment determining acceptable vision uncertainty and innovation levels. Integrating risk management with vision development ensures stakeholder awareness of potential challenges while building confidence in vision achievability. It transforms vision from optimistic aspiration to realistic plan addressing both opportunities and threats.,Predictive,Hybrid,Risk,Stakeholder,advanced,[PMBOK 8th] Chapter 11.1,approved
people,People,33,people-1,1,Develop a common vision,1,Help ensure a shared vision with key stakeholders.,How should project managers handle vision scope creep while maintaining stakeholder alignment?,Vision scope creep management requires balancing flexibility with focus: (1) Vision core stability maintaining fundamental principles while adapting implementation approaches; (2) Change impact assessment evaluating stakeholder effects of proposed vision modifications; (3) Integrated change control processing vision changes through structured approval processes; (4) Stakeholder consultation gathering input on vision evolution necessity and direction; (5) Benefits analysis comparing original vision value against proposed changes; (6) Communication strategies explaining vision evolution rationale and maintaining stakeholder confidence; (7) Documentation updates ensuring all stakeholders work from current vision understanding. Successful vision evolution maintains strategic direction while adapting to new information, stakeholder needs, or environmental changes without losing project coherence or stakeholder commitment.,Hybrid,Predictive,Integration,Change,standard,[PMBOK 8th] Chapter 4.6,approved
people,People,33,people-1,1,Develop a common vision,1,Help ensure a shared vision with key stakeholders.,What methods can be used to build trust during shared vision development?,Trust building during vision creation requires consistent behaviors: (1) Transparency in communication sharing vision rationale, constraints, and challenges openly; (2) Stakeholder involvement actively including diverse perspectives in vision development processes; (3) Consistency between words and actions demonstrating vision commitment through behavior; (4) Competence demonstration showing ability to execute vision through credible planning and execution; (5) Reliability through following through on vision-related commitments and communication promises; (6) Empathy showing understanding of stakeholder concerns and incorporating feedback into vision; (7) Integrity admitting vision challenges and addressing concerns honestly rather than hiding problems. Trust develops gradually through repeated positive interactions and consistent vision-aligned behavior over time.,Hybrid,Agile,Stakeholder,Communication,standard,[Process Groups Practice Guide] Chapter 3.1,approved
people,People,33,people-1,1,Develop a common vision,1,Help ensure a shared vision with key stakeholders.,How does project methodology selection impact vision development timeline and approach?,Project methodology significantly influences vision development: (1) Predictive approaches emphasize comprehensive upfront vision development with extensive stakeholder analysis and formal approval processes; (2) Agile methods use iterative vision refinement through frequent stakeholder feedback and adaptive planning; (3) Hybrid approaches combine upfront vision core definition with iterative stakeholder engagement for implementation details; (4) Predictive timelines involve longer upfront vision phases but stable execution periods; (5) Agile timelines require continuous vision alignment activities throughout project lifecycle; (6) Resource allocation differs, with predictive requiring heavy upfront vision investment and agile spreading vision activities across iterations. Methodology selection should consider vision clarity, stakeholder availability, change tolerance, and organizational culture while ensuring vision development approach matches project characteristics.,Hybrid,Agile,Predictive,Integration,Methodology,advanced,[Process Groups Practice Guide] Chapter 6.1,approved
people,People,33,people-1,1,Develop a common vision,1,Help ensure a shared vision with key stakeholders.,What is the difference between project vision and project mission, and how do they support each other?,Project vision describes the desired future state—what the world will look like after successful project completion. Project mission defines current purpose and approach—what the project does and how it operates to achieve the vision. Vision provides long-term direction and inspiration, while mission provides immediate focus and operational guidance. Vision answers "where are we going" while mission answers "what do we do." Together they create comprehensive guidance: vision sets the destination, mission defines the journey approach. Vision supports strategic planning and stakeholder inspiration, while mission guides tactical decision-making and daily activities. Projects need both to maintain long-term direction while executing effectively in the present.,Hybrid,Predictive,Integration,Strategy,foundational,[Process Groups Practice Guide] Chapter 4.1,approved
people,People,33,people-1,1,Develop a common vision,1,Help ensure a shared vision with key stakeholders.,How can project managers use vision workshops to resolve competing stakeholder priorities?,Vision workshops create structured environments for priority alignment through: (1) Stakeholder priority mapping identifying competing interests and underlying needs; (2) facilitated discussion creating shared understanding of priority conflicts and impacts; (3) Multi-criteria decision analysis evaluating options against objective criteria; (4) Solution brainstorming generating creative approaches addressing multiple stakeholder needs; (5) Trade-off analysis openly discussing compromise opportunities and concession requirements; (6) Consensus building techniques moving from positions to interests and finding win-win solutions; (7) Documentation creating clear priority agreements and action plans. Effective workshops maintain focus on shared vision while acknowledging legitimate competing interests, using structured collaboration rather than positional bargaining.,Hybrid,Stakeholder,Communication,advanced,[Process Groups Practice Guide] Chapter 3.3,approved
people,People,33,people-1,1,Develop a common vision,1,Help ensure a shared vision with key stakeholders.,What role does organizational culture play in vision development success?,Organizational culture fundamentally shapes vision development through: (1) Communication patterns determining preferred information sharing and decision-making approaches; (2) Power structures influencing who participates in vision creation and whose input carries weight; (3) Innovation appetite affecting vision ambition and change tolerance levels; (4) Time orientation balancing short-term results with long-term vision thinking; (5) Individualism versus collectivism shaping stakeholder involvement and vision ownership approaches; (6) Risk tolerance determining vision scope and implementation timeline aggressiveness; (7) Tradition orientation impacting vision disruption versus evolution choices. Cultural assessment enables vision development approach adaptation—hierarchical cultures need top-down vision endorsement, collaborative cultures thrive on participatory vision creation, innovative cultures embrace ambitious transformation.,Hybrid,Strategy,Stakeholder,standard,[PMBOK 8th] Chapter 2.4,approved
people,People,33,people-1,1,Develop a common vision,1,Help ensure a shared vision with key stakeholders.,How should project managers document and share vision artifacts with different stakeholder groups?,Vision artifact distribution requires stakeholder-tailored approaches: (1) Executive summaries for senior leadership highlighting strategic alignment and business value; (2) Detailed vision documents for project teams providing comprehensive guidance and implementation criteria; (3) Visual roadmaps and infographics for broad stakeholder communication making concepts accessible; (4) Presentation decks for group settings enabling consistent messaging and interactive discussion; (5) Quick reference guides for daily use keeping vision visible during routine work; (6) Success stories and examples demonstrating vision achievability and benefits; (7) Digital repositories providing centralized, searchable access to all vision materials. Documentation should match stakeholder information needs, communication preferences, and decision-making requirements while maintaining message consistency across formats.,Hybrid,Communication,Documentation,standard,[PMBOK 8th] Chapter 4.4,approved
people,People,33,people-1,1,Develop a common vision,1,Help ensure a shared vision with key stakeholders.,What strategies help maintain stakeholder engagement during vision development processes?,Stakeholder engagement maintenance requires ongoing attention: (1) Regular communication updates keeping stakeholders informed of progress and next steps; (2) Interactive activities rather than passive presentations ensuring active participation and ownership; (3) Recognition and acknowledgment of stakeholder contributions building motivation and commitment; (4) Clear next steps and action items demonstrating progress toward tangible outcomes; (5) Feedback incorporation showing stakeholder input influences vision development; (6) Milestone celebration maintaining enthusiasm and momentum throughout vision creation; (7) Relationship building activities developing trust and collaboration beyond formal vision work. Engagement strategies should adapt to stakeholder preferences, availability, and cultural expectations while maintaining focus on vision development objectives.,Hybrid,Agile,Stakeholder,Communication,standard,[Process Groups Practice Guide] Chapter 3.4,approved
people,People,33,people-1,1,Develop a common vision,1,Help ensure a shared vision with key stakeholders.,How do industry trends and competitive factors influence shared vision development?,External environment factors shape vision through: (1) Competitive landscape analysis identifying market opportunities and threats requiring vision adaptation; (2) Technology trend assessment incorporating emerging capabilities into future-state vision; (3) Customer evolution understanding changing stakeholder needs and expectations; (4) Regulatory development ensuring vision compliance with current and anticipated requirements; (5) Industry benchmarking setting vision ambition levels relative to peer organizations; (6) Economic conditions affecting resource availability and vision feasibility; (7) Social trend awareness aligning vision with evolving stakeholder values and expectations. Vision must balance ambitious future positioning with practical feasibility while positioning the organization advantageously within changing market dynamics. Environmental scanning ensures vision relevance and competitive positioning.,Value_Delivery,Hybrid,Strategy,Monitoring,advanced,[MegaTrends 2024] Chapter 3.2,approved
people,People,33,people-1,1,Develop a common vision,1,Help ensure a shared vision with key stakeholders.,What criteria should be used to evaluate shared vision development success?,Vision development success evaluation includes multiple dimensions: (1) Stakeholder alignment measuring consensus and commitment across key stakeholder groups; (2) Clarity assessment testing vision understanding and interpretation consistency; (3) Feasibility analysis evaluating vision achievability with available resources and capabilities; (4) Inspiration level measuring vision ability to motivate stakeholders and drive action; (5) Strategic alignment confirming vision supports broader organizational objectives; (6) Implementation readiness assessing stakeholder capability and preparation for vision execution; (7) Sustainability determining vision durability through changing circumstances. Success criteria should be defined during vision planning, measured systematically, and used to identify development gaps requiring additional attention before project execution begins.,Hybrid,Predictive,Monitoring,Integration,standard,[PMBOK 8th] Chapter 13.4,approved
people,People,33,people-1,1,Develop a common vision,1,Help ensure a shared vision with key stakeholders.,How does stakeholder diversity impact vision development approach and outcomes?,Stakeholder diversity affects vision development through: (1) Perspective variety bringing multiple viewpoints that enrich vision completeness and innovation potential; (2) Communication requirement complexity necessitating varied messaging approaches for different stakeholder groups; (3) Cultural considerations requiring vision adaptation for global stakeholder inclusion and acceptance; (4) Decision-making process complexity managing diverse priorities and potential conflicts; (5) Innovation opportunity leveraging varied experiences to create more creative and robust vision solutions; (6) Challenge management addressing potential misunderstandings and resistance stemming from diverse backgrounds. Effective vision development embraces diversity as strength while developing strategies to manage complexity and ensure inclusive participation. Diverse stakeholder groups contribute unique insights that enhance vision quality and implementation success.,Hybrid,Stakeholder,Communication,standard,[PMBOK 8th] Chapter 13.2,approved
people,People,33,people-1,1,Develop a common vision,1,Help ensure a shared vision with key stakeholders.,What methods can be used to cascade shared vision throughout the organization?,Vision cascading ensures organizational alignment through: (1) Multi-tiered communication sessions adapting vision messaging for different organizational levels; (2) Leadership modeling demonstrating executive commitment to vision through behavior and decision-making; (3) Department-specific integration connecting vision elements to functional responsibilities and objectives; (4) Recognition programs rewarding vision-aligned behaviors and contributions; (5) Training and education building stakeholder capability for vision implementation; (6) Performance management incorporating vision criteria into individual and team objectives; (7) Storytelling and examples sharing vision success stories and best practices throughout organization. Effective cascading maintains core vision consistency while allowing appropriate adaptation for different organizational contexts and responsibilities.,Hybrid,Predictive,Communication,Integration,advanced,[PMBOK 8th] Chapter 2.6,approved
people,People,33,people-1,1,Develop a common vision,1,Help ensure a shared vision with key stakeholders.,How can project managers balance vision ambition with implementation feasibility?,Vision-feasibility balancing requires systematic approaches: (1) Capability assessment evaluating organizational readiness to achieve vision ambitions; (2) Resource analysis confirming availability of necessary budget, people, and technology for vision execution; (3) Risk analysis identifying potential barriers and developing mitigation strategies; (4) Phased implementation breaking ambitious vision into achievable milestones with clear progression paths; (5) Stakeholder validation ensuring vision aspirations align with stakeholder commitment and tolerance for change; (6) Benchmark analysis comparing vision scope with similar successful projects; (7) Contingency planning building flexibility for vision adaptation while maintaining core objectives. Effective balance creates stretch goals that inspire innovation while ensuring realistic achievement paths that maintain stakeholder confidence and project viability.,Hybrid,Predictive,Integration,Risk,standard,[PMBOK 8th] Chapter 4.2,approved