id,domain_id,domain_name,domain_percentage,task_id,task_number,task_title,enabler_number,enabler_text,front_concept,back_knowledge,theme_tags,methodology_tags,knowledge_area_tags,difficulty_level,source_context,validation_status
151,people,People,33,people-1,1,Develop a common vision,4,Break down situations to identify the root cause of a misunderstanding of the vision.,Explain how the 5 Whys technique helps identify root causes of vision misunderstanding.,The 5 Whys technique systematically uncovers vision misunderstanding through iterative questioning: (1) First "Why" identifies surface-level symptoms (stakeholder confusion, resistance, or misalignment); (2) Second "Why" reveals immediate causes (communication gaps, interpretation differences, or context missing); (3) Third "Why" exposes underlying issues (process problems, cultural barriers, or expectation mismatches); (4) Fourth "Why" identifies systemic factors (organizational structure, resource constraints, or timing challenges); (5) Fifth "Why" discovers fundamental root causes (strategic misalignment, power dynamics, or foundational assumptions). This method moves from observable vision problems to underlying issues that, when addressed, prevent similar misunderstandings. Effective application requires honest stakeholder participation and willingness to challenge surface-level explanations.,,Hybrid,Stakeholder,Quality,foundational,[Process Groups Practice Guide] Chapter 5.1,approved
152,people,People,33,people-1,1,Develop a common vision,4,Break down situations to identify the root cause of a misunderstanding of the vision.,How does the Ishikawa diagram help analyze vision misunderstanding causes?,Ishikawa diagrams categorize vision misunderstanding causes through structured analysis: (1) Communication factors including message clarity, channel effectiveness, and stakeholder access issues; (2) Process factors involving vision development methods, stakeholder engagement approaches, and feedback loops; (3) People factors covering stakeholder backgrounds, experiences, expectations, and cognitive biases; (4) Material factors including documentation quality, visual aids, and supporting resources; (5) Measurement factors relating to vision clarity metrics, alignment assessment methods, and success criteria; (6) Environment factors encompassing organizational culture, timing context, and external influences. This systematic categorization ensures comprehensive root cause identification rather than focusing on obvious symptoms, enabling targeted solutions that address multiple contributing factors simultaneously.,,Predictive,Hybrid,Quality,Stakeholder,standard,[PMBOK 8th] Chapter 8.2,approved
153,people,People,33,people-1,1,Develop a common vision,4,Break down situations to identify the root cause of a misunderstanding of the vision.,Explain how Pareto analysis prioritizes vision misunderstanding causes for effective intervention.,Pareto analysis helps focus vision correction efforts through: (1) Frequency identification counting occurrence of specific misunderstanding types across stakeholder groups; (2) Impact assessment evaluating how each cause affects vision implementation success and stakeholder satisfaction; (3) Priority matrix plotting frequency against impact to identify high-leverage intervention points; (4) Resource allocation concentrating vision correction efforts on causes that address eighty percent of problems with twenty percent of effort; (5) Quick win identification selecting causes that are easy to fix but produce significant improvement in vision understanding; (6) Long-term strategy addressing complex root causes that require sustained effort but prevent recurring misunderstandings. Pareto-based prioritization ensures vision correction investments deliver maximum stakeholder alignment improvement and vision implementation success.,,Hybrid,Predictive,Quality,Planning,standard,[PMBOK 8th] Chapter 8.1,approved
154,people,People,33,people-1,1,Develop a common vision,4,Break down situations to identify the root cause of a misunderstanding of the vision.,What communication barriers commonly cause vision misunderstanding and how can they be identified?,Communication barriers leading to vision confusion include: (1) Semantic confusion where stakeholders interpret vision terminology differently based on experience and context; (2) Filter effects where personal biases, past experiences, and current concerns distort vision message reception; (3) Information overload preventing stakeholders from processing vision elements among competing priorities; (4) Cultural differences creating varying interpretations of vision concepts, success criteria, and implementation approaches; (5) Trust deficits causing skepticism about vision feasibility, leadership intentions, or organizational commitment; (6) Channel mismatches using inappropriate communication methods for stakeholder preferences and accessibility. Identification requires stakeholder interviews, understanding testing, communication audits, and feedback analysis to pinpoint specific barriers affecting vision understanding.,,Hybrid,Communication,Stakeholder,foundational,[PMBOK 8th] Chapter 10.1,approved
155,people,People,33,people-1,1,Develop a common vision,4,Break down situations to identify the root cause of a misunderstanding of the vision.,How do cognitive biases contribute to vision misunderstanding and what techniques help identify them?,Cognitive biases distort vision perception through: (1) Confirmation bias causing stakeholders to notice information that confirms existing beliefs while ignoring contradictory vision elements; (2) Anchoring bias making initial vision information disproportionately influence understanding regardless of subsequent clarifications; (3) Availability heuristic leading stakeholders to overemphasize recent or memorable vision examples while neglecting comprehensive understanding; (4) Status quo bias creating resistance to vision elements that require change from current practices or assumptions; (5) Authority bias causing unquestioning acceptance or rejection of vision based on communicator rather than content merit. Identification techniques include perspective-taking exercises, devil advocate analysis, bias awareness training, and structured vision discussion formats that challenge assumptions systematically.,,Hybrid,Stakeholder,Quality,standard,[Process Groups Practice Guide] Chapter 5.2,approved
156,people,People,33,people-1,1,Develop a common vision,4,Break down situations to identify the root cause of a misunderstanding of the vision.,Explain how active listening techniques help identify and resolve vision misunderstandings.,Active listening uncovers vision confusion through: (1) Paraphrasing repeating stakeholder vision understanding in different words to confirm accuracy and identify gaps; (2) Clarification questions asking specific probing questions about vision elements that seem unclear or contradictory; (3) Reflection feeding back both content and emotional aspects of stakeholder vision concerns to build trust and encourage openness; (4) Summarization consolidating stakeholder vision understanding and identifying areas of agreement and disagreement; (5) Non-verbal observation watching body language, tone, and engagement levels that may indicate confusion or resistance; (6) Follow-up verification checking that corrective explanations actually resolved misunderstandings rather than just appearing to do so. Active listening transforms vision communication from transmission to dialogue, ensuring genuine stakeholder understanding.,,Hybrid,Agile,Communication,Stakeholder,standard,[Process Groups Practice Guide] Chapter 3.4,approved
157,people,People,33,people-1,1,Develop a common vision,4,Break down situations to identify the root cause of a misunderstanding of the vision.,How do conflict resolution modes (Thomas-Kilmann) help address vision misunderstandings in stakeholder groups?,Thomas-Kilmann modes guide vision conflict resolution: (1) Competing mode using authority or evidence to establish correct vision understanding when critical misconceptions threaten project success; (2) Collaborating mode working with stakeholders to integrate different perspectives and create shared vision understanding that addresses all concerns; (3) Compromising mode finding middle-ground solutions that partially address different stakeholder interpretations while maintaining project progress; (4) Avoiding mode temporarily postponing vision clarification when emotions are high or additional information is needed; (5) Accommodating mode accepting stakeholder interpretations when minor differences do not affect core objectives and relationship maintenance is priority. Effective vision misunderstanding resolution matches conflict mode to situation severity, stakeholder relationships, and project impact while maintaining focus on accurate vision understanding.,,Hybrid,Stakeholder,Communication,standard,[PMBOK 8th] Chapter 13.5,approved
158,people,People,33,people-1,1,Develop a common vision,4,Break down situations to identify the root cause of a misunderstanding of the vision.,What role does expectation gap analysis play in diagnosing vision misunderstandings?,Expectation gap analysis identifies vision misalignment through: (1) Current state assessment documenting stakeholder understanding of vision elements, benefits, and implementation approaches; (2) Desired state definition clarifying accurate vision understanding and stakeholder alignment objectives; (3) Gap identification pinpointing specific differences between stakeholder perceptions and intended vision meaning; (4) Root cause analysis determining why gaps exist (communication issues, interpretation problems, or context missing); (5) Impact evaluation assessing how expectation gaps affect stakeholder behavior, project success, and relationships; (6) Closure planning developing targeted strategies to eliminate gaps and create shared understanding. Systematic gap analysis transforms vague confusion into specific, addressable problems with clear correction strategies.,,Hybrid,Predictive,Stakeholder,Planning,standard,[Process Groups Practice Guide] Chapter 5.3,approved
159,people,People,33,people-1,1,Develop a common vision,4,Break down situations to identify the root cause of a misunderstanding of the vision.,Explain how retrospectives and lessons learned processes identify vision misunderstanding patterns.,Retrospectives reveal vision patterns through: (1) Pattern recognition identifying recurring vision confusion themes across different stakeholder groups or project phases; (2) Root cause correlation linking specific communication approaches or timing to vision misunderstanding incidents; (3) Success analysis identifying vision communication techniques that work well and should be replicated; (4) Challenge documentation capturing vision misunderstanding examples, stakeholder reactions, and resolution approaches; (5) Process improvement developing systematic changes to vision communication methods based on learned experience; (6) Knowledge sharing distributing vision understanding lessons across teams and projects to prevent repeated issues. Retrospective-focused vision management transforms misunderstandings from isolated incidents to organizational learning opportunities.,,Agile,Quality,Knowledge,standard,[Agile Practice Guide] Chapter 5.3,approved
160,people,People,33,people-1,1,Develop a common vision,4,Break down situations to identify the root cause of a misunderstanding of the vision.,How do stakeholder analysis techniques help identify sources of vision misunderstanding?,Stakeholder analysis reveals vision confusion sources through: (1) Influence-power analysis identifying stakeholders who may intentionally or unintentionally distort vision understanding for strategic advantage; (2) Interest assessment understanding how personal or departmental priorities shape stakeholder vision interpretation; (3) Attitude mapping distinguishing between vision supporters, resistors, and neutral parties to understand motivation behind misunderstandings; (4) Network analysis tracing communication pathways to identify where vision messages become distorted or lost; (5) Cultural assessment recognizing how stakeholder backgrounds, experiences, and values affect vision interpretation; (6) Knowledge gap evaluation identifying missing information or context that leads to incorrect vision conclusions. Comprehensive analysis transforms vision confusion from mysterious problem to predictable pattern with identifiable intervention points.,,Hybrid,Stakeholder,Communication,standard,[PMBOK 8th] Chapter 13.1,approved
161,people,People,33,people-1,1,Develop a common vision,4,Break down situations to identify the root cause of a misunderstanding of the vision.,How does vision misunderstanding diagnosis differ between Agile and Predictive project methodologies?,Methodology differences affect vision diagnosis through: (1) Timing recognition where Agile approaches detect vision confusion quickly through frequent feedback while Predictive methods may not discover issues until major milestones; (2) Response speed allowing Agile rapid vision clarification and adaptation within sprint cycles while Predictive requires formal change processes; (3) Stakeholder involvement where Agile engages development teams directly in vision clarification while Predictive relies on formal stakeholder management processes; (4) Documentation emphasis where Predictive uses formal analysis reports while Agile relies on working software and stakeholder collaboration; (5) Solution approach where Agile adapts vision incrementally through iterations while Predictive may require comprehensive vision rework. Both methodologies need effective vision diagnosis but differ in detection mechanisms, response speed, and correction approaches.,,Agile,Predictive,Methodology,Quality,advanced,[Agile Practice Guide] Chapter 7.1,approved
162,people,People,33,people-1,1,Develop a common vision,4,Break down situations to identify the root cause of a misunderstanding of the vision.,Explain how feedback loops and iteration cycles help identify and correct vision misunderstandings.,Feedback loops enable vision correction through: (1) Rapid detection catching vision misunderstandings early through frequent stakeholder interaction and validation; (2) Continuous adjustment allowing vision clarification and refinement in small increments rather than large corrections; (3) Stakeholder validation testing vision understanding through working deliverables and concrete examples; (4) Learning integration incorporating correction insights into future vision communication and development approaches; (5) Relationship building maintaining stakeholder trust and engagement through responsive problem-solving; (6) Success confirmation verifying that vision corrections actually resolve misunderstandings and improve stakeholder alignment. Iterative feedback transforms vision misunderstandings from project disruptions into learning and improvement opportunities.,,Agile,Hybrid,Quality,Communication,standard,[Agile Practice Guide] Chapter 4.4,approved
163,people,People,33,people-1,1,Develop a common vision,4,Break down situations to identify the root cause of a misunderstanding of the vision.,What AI-enhanced analysis tools can identify patterns in vision misunderstanding across stakeholder groups?,AI tools enhance vision diagnosis through: (1) Sentiment analysis detecting patterns of confusion, resistance, or misalignment in stakeholder communications; (2) Natural language processing identifying common misunderstanding themes and communication gaps across large stakeholder datasets; (3) Predictive analytics forecasting potential vision confusion based on stakeholder characteristics and communication patterns; (4) Network analysis mapping vision information flow to identify communication bottlenecks and distortion points; (5) Pattern recognition connecting specific communication approaches to vision understanding success or failure rates; (6) Automated clustering grouping stakeholders by misunderstanding types to enable targeted correction strategies. AI-enhanced diagnosis provides data-driven insights for proactive vision confusion prevention and targeted intervention strategies.,AI,Hybrid,Agile,Technology,Quality,advanced,[Leading and Managing AI Projects] Chapter 10.1,approved
164,people,People,33,people-1,1,Develop a common vision,4,Break down situations to identify the root cause of a misunderstanding of the vision.,How does cultural analysis help identify sources of vision misunderstanding in global organizations?,Cultural analysis reveals vision confusion through: (1) Communication style differences identifying how cultural preferences affect vision message interpretation and clarity; (2) Power distance recognition understanding how hierarchical versus egalitarian cultures affect vision challenge and clarification approaches; (3) Individualism assessment evaluating how personal versus collective value orientations shape vision understanding and acceptance; (4) Time orientation analysis determining how short-term versus long-term cultural perspectives affect vision implementation expectations; (5) Uncertainty tolerance recognizing how risk-averse versus risk-taking cultures interpret vision ambiguity and change requirements; (6) Context dependence understanding how high-context versus low-context cultures affect vision communication effectiveness. Cultural-aware vision diagnosis transforms apparent stakeholder resistance into predictable communication challenges with targeted solutions.,Value_Delivery,Hybrid,Stakeholder,Communication,standard,[PMBOK 8th] Chapter 2.4,approved
165,people,People,33,people-1,1,Develop a common vision,4,Break down situations to identify the root cause of a misunderstanding of the vision.,Explain how failure mode and effects analysis (FMEA) can prevent vision misunderstanding before implementation.,FMEA prevents vision confusion through: (1) Communication failure identification anticipating potential ways vision messages could be misunderstood or distorted; (2) Effect analysis evaluating impact of different misunderstanding scenarios on stakeholder behavior and project success; (3) Severity rating prioritizing vision communication risks based on potential stakeholder and project damage; (4) Detection likelihood assessing probability of identifying specific misunderstandings before they cause problems; (5) Prevention planning developing targeted communication strategies to address high-risk misunderstanding scenarios; (6) Monitoring systems establishing checks to detect emerging vision confusion early and enable rapid correction. Proactive FMEA transforms vision misunderstanding from reactive problem to preventable risk with systematic mitigation strategies.,,Predictive,Hybrid,Risk,Quality,advanced,[PMBOK 8th] Chapter 11.3,approved
166,people,People,33,people-1,1,Develop a common vision,4,Break down situations to identify the root cause of a misunderstanding of the vision.,What role does stakeholder journey mapping play in identifying vision misunderstanding points?,Journey mapping reveals vision confusion through: (1) Touchpoint identification mapping stakeholder interactions with vision information across different channels and time periods; (2) Pain point recognition locating specific moments where vision understanding breaks down or becomes unclear; (3) Emotion tracking understanding stakeholder emotional responses to vision communication and their impact on interpretation; (4) Gap analysis identifying missing vision information or context that leads to incorrect conclusions; (5) Channel effectiveness evaluating which communication methods work best for different stakeholder segments and vision elements; (6) Optimization opportunities improving vision communication flow based on stakeholder experience insights. Journey-focused analysis transforms vision misunderstanding from abstract problem to concrete stakeholder experience issues with targeted correction opportunities.,,Hybrid,Stakeholder,Communication,standard,[Process Groups Practice Guide] Chapter 5.4,approved
167,people,People,33,people-1,1,Develop a common vision,4,Break down situations to identify the root cause of a misunderstanding of the vision.,Explain how root cause analysis integrates with change management to resolve vision misunderstandings.,Integration ensures sustainable correction through: (1) Problem identification using RCA techniques to determine why vision misunderstanding occurred; (2) Change assessment evaluating how vision corrections will affect stakeholder roles, responsibilities, and daily work; (3) Resistance management addressing emotional and practical barriers to adopting corrected vision understanding; (4) Communication planning developing targeted messages to explain vision corrections and their rationale; (5) Training preparation building stakeholder capability for implementing vision-aligned behaviors based on corrected understanding; (6. Reinforcement strategies ensuring corrected vision understanding persists and prevents regression to previous misconceptions. Combined RCA and change management transforms vision correction from information fix to sustainable organizational change.,,Hybrid,Predictive,Change,Integration,advanced,[PMBOK 8th] Chapter 4.5,approved
168,people,People,33,people-1,1,Develop a common vision,4,Break down situations to identify the root cause of a misunderstanding of the vision.,How does systems thinking help identify complex, interrelated causes of vision misunderstanding?,Systems thinking reveals interconnected vision issues through: (1) Relationship mapping understanding how vision elements connect and influence each other across organizational systems; (2) Feedback loop identification recognizing how stakeholder reactions affect vision communication effectiveness and future understanding; (3) Boundary analysis examining how organizational silos and departmental boundaries create vision understanding gaps; (4) Time delay recognition understanding how vision misunderstanding impacts appear gradually over time rather than immediately; (5) Mental model analysis identifying stakeholder assumptions and mental frameworks that shape vision interpretation; (6) Leverage point discovery finding small changes that produce significant vision understanding improvements. Systems thinking transforms vision misunderstanding from isolated incidents to systemic patterns with fundamental leverage points for correction.,,Hybrid,Quality,Integration,advanced,[PMBOK 8th] Chapter 3.1,approved
169,people,People,33,people-1,1,Develop a common vision,4,Break down situations to identify the root cause of a misunderstanding of the vision.,What role does generational analysis play in understanding vision misunderstanding sources?,Generational analysis reveals different understanding patterns: (1) Traditionalists may misunderstand digital-focused vision elements or rapid change expectations; (2) Baby Boomers might resist collaborative vision development approaches or flatten organizational structures implied in vision; (3) Generation X could misinterpret work-life balance aspects or efficiency metrics in vision statements; (4) Millennials may miss traditional business case elements or underestimate implementation complexity in visionary language; (5) Generation Z might overlook relationship-building aspects or overemphasize technology without human elements. Understanding generational communication preferences, values, and work experiences helps tailor vision clarification strategies that resonate across age groups while maintaining consistent core vision elements.,Value_Delivery,Hybrid,Stakeholder,Communication,standard,[Pulse of the Profession 2025] Chapter 3.5,approved
170,people,People,33,people-1,1,Develop a common vision,4,Break down situations to identify the root cause of a misunderstanding of the vision.,Explain how knowledge management systems support organizational learning from vision misunderstandings.,Knowledge systems capture learning through: (1) Experience documentation recording vision misunderstanding incidents, root causes, and resolution approaches for future reference; (2) Pattern recognition identifying recurring vision confusion themes across projects, teams, or stakeholder groups; (3) Solution repositories collecting effective vision clarification techniques, communication strategies, and stakeholder engagement approaches; (4) Expert networks connecting vision practitioners for collaborative problem solving and best practice sharing; (5) Lessons integration embedding vision understanding improvements into organizational processes, templates, and training materials; (6) Continuous improvement using vision misunderstanding data to refine communication approaches and prevent similar issues. Knowledge-focused management transforms vision confusion from individual problem to organizational learning opportunity.,,Hybrid,Predictive,Knowledge,Quality,standard,[PMBOK 8th] Chapter 4.8,approved
171,people,People,33,people-1,1,Develop a common vision,4,Break down situations to identify the root cause of a misunderstanding of the vision.,How do digital communication analytics identify vision misunderstanding patterns in distributed teams?,Digital analytics reveal vision confusion through: (1) Engagement metrics tracking which vision communications get read, forwarded, or discussed across digital platforms; (2) Response analysis measuring stakeholder questions, comments, and feedback patterns that indicate confusion or misunderstanding; (3) Network mapping tracing how vision information spreads (or stops spreading) through organizational digital communication channels; (4) Content analysis identifying which vision elements generate most questions, clarification requests, or negative responses; (5) Time pattern recognition understanding when vision misunderstandings typically emerge in project lifecycle or communication sequence; (6. Geographic analysis comparing vision understanding patterns across different locations, cultures, or stakeholder segments in distributed teams.,AI,Hybrid,Agile,Technology,Monitoring,standard,[Leading and Managing AI Projects] Chapter 11.2,approved
172,people,People,33,people-1,1,Develop a common vision,4,Break down situations to identify the root cause of a misunderstanding of the vision.,Explain how expectation management processes prevent and resolve vision misunderstandings.,Expectation management prevents confusion through: (1) Clear establishment defining vision scope, boundaries, and deliverables with specific success criteria and stakeholder responsibilities; (2) Continuous alignment regularly checking stakeholder understanding against intended vision meaning and addressing emerging gaps; (3) Reality grounding ensuring vision promises and benefits are achievable, measurable, and supported by available resources; (4. Change anticipation preparing stakeholders for vision evolution and adaptation rather than treating vision as fixed declaration; (5) Communication consistency maintaining regular vision reinforcement through multiple channels and stakeholder touchpoints; (6) Feedback incorporation creating two-way dialogue to identify and address expectation gaps before they become serious problems.,,Hybrid,Stakeholder,Communication,standard,[PMBOK 8th] Chapter 13.6,approved
173,people,People,33,people-1,1,Develop a common vision,4,Break down situations to identify the root cause of a misunderstanding of the vision.,What role does emotional intelligence play in diagnosing and resolving vision misunderstandings?,Emotional intelligence enhances vision diagnosis through: (1) Empathy understanding stakeholder emotional reactions to vision elements and identifying underlying concerns or fears; (2) Self-awareness recognizing how personal communication style and biases affect vision clarity and stakeholder reception; (3) Social skills building relationships that encourage honest stakeholder feedback about vision confusion; (4) Self-regulation managing emotional responses when stakeholder misunderstandings are revealed, avoiding defensive reactions; (5) Motivation maintaining persistence in addressing vision understanding challenges even when stakeholders are resistant; (6) Relationship building creating trust that enables honest dialogue about vision gaps and collaborative problem solving. EQ-focused vision diagnosis transforms misunderstanding analysis from technical process to human-centered relationship building.,,Hybrid,Agile,Stakeholder,Communication,standard,[Process Groups Practice Guide] Chapter 3.7,approved
174,people,People,33,people-1,1,Develop a common vision,4,Break down situations to identify the root cause of a misunderstanding of the vision.,How does project complexity assessment help identify potential vision misunderstanding sources?,Complexity analysis reveals vision risks through: (1) Stakeholder complexity evaluating number, diversity, and interaction patterns that create vision communication challenges; (2) Technical complexity assessing how specialized knowledge, jargon, or abstract concepts may impede vision understanding; (3) Organizational complexity identifying structural barriers, reporting relationships, and communication bottlenecks that distort vision messages; (4. Environmental complexity recognizing external factors, market conditions, or regulatory requirements that affect vision relevance and interpretation; (5. Timeline complexity understanding how project duration, phased delivery, or evolving requirements impact vision maintenance and clarity; (6. Cultural complexity assessing diversity of stakeholder backgrounds, values, and communication preferences that affect vision interpretation.,,Hybrid,Predictive,Integration,Planning,advanced,[PMBOK 8th] Chapter 1.8,approved
175,people,People,33,people-1,1,Develop a common vision,4,Break down situations to identify the root cause of a misunderstanding of the vision.,Explain how agile estimation and story points can reveal vision misunderstanding during sprint planning.,Agile estimation exposes vision confusion through: (1) Story discussion revealing different understandings of vision elements and stakeholder requirements; (2) Estimation variance identifying when team members interpret vision-related work differently, indicating unclear understanding; (3) Question patterns noticing which vision elements generate most clarification requests or uncertainty; (4) Dependency mapping revealing misalignment about vision priorities and implementation sequencing; (5. Acceptance criteria testing uncovering gaps between vision understanding and concrete deliverable definitions; (6. Velocity impact observing how vision misunderstanding affects team productivity and delivery consistency. Agile estimation transforms vision misunderstanding from abstract problem into concrete work item confusion that can be addressed immediately.,,Agile,Planning,Quality,standard,[Agile Practice Guide] Chapter 6.2,approved
176,people,People,33,people-1,1,Develop a common vision,4,Break down situations to identify the root cause of a misunderstanding of the vision.,What communication audits help identify systematic causes of vision misunderstanding?,Communication audits diagnose vision issues through: (1) Message consistency review comparing vision communications across different channels and stakeholders to identify contradictions; (2) Channel effectiveness evaluation measuring which communication methods successfully convey vision understanding to different stakeholder groups; (3) Timing assessment analyzing when vision communications are delivered relative to stakeholder readiness and project context; (4) Content clarity evaluation testing whether vision language, complexity, and terminology match stakeholder understanding levels; (5) Feedback loop analysis examining how stakeholder responses and questions inform subsequent vision communication; (6. Reach assessment determining which stakeholders receive vision information and which groups are missed entirely.,,Hybrid,Predictive,Communication,Quality,standard,[PMBOK 8th] Chapter 10.6,approved
177,people,People,33,people-1,1,Develop a common vision,4,Break down situations to identify the root cause of a misunderstanding of the vision.,Explain how technology adoption assessment identifies vision misunderstanding in digital transformation initiatives.,Technology assessment reveals vision gaps through: (1) Digital capability gaps identifying whether stakeholders understand technical requirements for vision implementation; (2) Change readiness evaluation assessing stakeholder understanding of digital transformation impact on their roles and processes; (3) Innovation resistance analysis recognizing how fear of technology or change affects vision interpretation; (4) Skill gap identification determining whether stakeholders have capabilities needed for vision-aligned digital work; (5. Timeline misalignment understanding gaps between expected digital transformation speed and actual implementation capacity; (6) Value proposition confusion identifying unclear understanding of how digital technologies support vision achievement.,AI,Value_Delivery,Hybrid,Technology,Strategy,advanced,[Leading and Managing AI Projects] Chapter 12.1,approved
178,people,People,33,people-1,1,Develop a common vision,4,Break down situations to identify the root cause of a misunderstanding of the vision.,What role does vision clarity assessment play in organizational effectiveness and project success?,Vision clarity assessment enables understanding through: (1) Measurability evaluation determining whether vision outcomes can be quantified and tracked; (2. Actionability assessment checking whether stakeholders understand specific actions required to implement vision; (3. Relevance testing evaluating whether vision elements align with stakeholder priorities and organizational needs; (4. Consistency analysis verifying whether vision messages remain coherent across different communications and time periods; (5. Completeness review ensuring vision covers all essential elements without confusing gaps or contradictions; (6. Adaptability testing examining whether vision can evolve as circumstances change while maintaining core meaning.,,Hybrid,Predictive,Communication,Quality,foundational,[Process Groups Practice Guide] Chapter 4.2,approved
179,people,People,33,people-1,1,Develop a common vision,4,Break down situations to identify the root cause of a misunderstanding of the vision.,How does stakeholder journey mapping identify vision misunderstanding points across project lifecycle?,Journey mapping reveals confusion points through: (1) Touchpoint analysis mapping every interaction stakeholders have with vision information and communication; (2. Emotional journey tracking understanding stakeholder feelings and reactions at each vision communication point; (3. Decision point identification locating where vision understanding influences critical project choices; (4. Barrier recognition finding specific moments or processes where vision understanding breaks down; (5. Success moment identification understanding where vision communication works well to build understanding and engagement; (6. Optimization opportunity recognizing where vision communication could be improved to prevent future misunderstandings.,,Hybrid,Stakeholder,Communication,standard,[PMBOK 8th] Chapter 13.3,approved
180,people,People,33,people-1,1,Develop a common vision,4,Break down situations to identify the root cause of a misunderstanding of the vision.,Explain how vision ambiguity assessment helps identify sources of stakeholder confusion.,Ambiguity assessment reveals confusion through: (1) Terminology analysis identifying vision language that stakeholders interpret differently or unclearly; (2. Scope boundaries determining where vision definition is unclear about what is included or excluded; (3. Success criteria gaps finding where vision achievement is not clearly defined or measurable; (4. Responsibility confusion identifying unclear roles in vision implementation and stakeholder accountabilities; (5. Timeline ambiguity recognizing where vision implementation timing or sequencing is unclear; (6. Priority confusion determining where vision elements are not clearly prioritized or ranked for importance.,,Hybrid,Communication,Quality,standard,[PMBOK 8th] Chapter 4.1,approved
181,people,People,33,people-1,1,Develop a common vision,4,Break down situations to identify the root cause of a misunderstanding of the vision.,What role does stakeholder conflict analysis play in identifying vision misunderstanding sources?,Conflict analysis reveals understanding gaps through: (1) Positional differences identifying where stakeholders hold conflicting interpretations of vision elements; (2. Interest mapping understanding how different stakeholder priorities and needs shape vision interpretation; (3. Value conflict recognition determining where vision elements conflict with stakeholder core values or beliefs; (4. Resource competition identifying where vision implementation creates stakeholder conflicts over limited resources or attention; (5. Power dynamics analysis examining how influence and authority affect vision interpretation and acceptance; (6. Cultural conflicts recognizing how different organizational or national cultures create vision interpretation differences.,,Hybrid,Stakeholder,Communication,standard,[PMBOK 8th] Chapter 13.5,approved
182,people,People,33,people-1,1,Develop a common vision,4,Break down situations to identify the root cause of a misunderstanding of the vision.,How does communication effectiveness measurement help identify vision misunderstanding patterns?,Effectiveness measurement identifies issues through: (1. Message retention testing evaluating how well stakeholders remember and understand vision information over time; (2. Clarity assessment measuring stakeholder ability to explain vision elements in their own words; (3. Engagement monitoring tracking stakeholder participation in vision-related activities and discussions; (4. Application testing determining whether stakeholders can apply vision concepts to decision-making and problem solving; (5. Feedback analysis examining stakeholder questions, comments, and suggestions for vision improvement; (6. Behavioral observation watching whether stakeholder actions align with stated vision understanding and commitment.,,Hybrid,Communication,Monitoring,standard,[PMBOK 8th] Chapter 13.4,approved
183,people,People,33,people-1,1,Develop a common vision,4,Break down situations to identify the root cause of a misunderstanding of the vision.,Explain how learning style assessment helps identify vision misunderstanding causes.,Learning style analysis reveals issues through: (1) Visual learner gaps identifying stakeholders who need more diagrams, charts, or visual explanations of vision; (2. Auditory learner needs recognizing stakeholders who require more discussion, explanation, and verbal reinforcement; (3. Kinesthetic learner requirements finding stakeholders who need hands-on experience or active participation in vision development; (4. Reading/writing learner gaps identifying stakeholders who need more written documentation, detail, or time for individual reflection; (5. Social learner needs finding stakeholders who learn best through group discussion and collaborative vision work; (6. Solitary learner requirements identifying stakeholders who need individual time and space for vision processing and understanding.,,Hybrid,Stakeholder,Communication,standard,[PMBOK 8th] Chapter 10.4,approved
184,people,People,33,people-1,1,Develop a common vision,4,Break down situations to identify the root cause of a misunderstanding of the vision.,What role does vision impact analysis play in identifying misunderstanding consequences?,Impact analysis reveals consequences through: (1. Decision effect assessment evaluating how vision misunderstanding affects project choices and resource allocation; (2. Stakeholder behavior analysis determining how incorrect vision understanding influences stakeholder actions and engagement; (3. Timeline impact examination measuring how vision confusion delays or complicates project implementation; (4. Quality consequences identifying how misunderstanding affects project deliverable quality and stakeholder satisfaction; (5. Cost impact analysis evaluating financial implications of vision misunderstanding and correction efforts; (6. Reputation damage assessment measuring how vision confusion affects stakeholder trust and organizational credibility.,,Hybrid,Predictive,Risk,Integration,advanced,[PMBOK 8th] Chapter 11.1,approved
185,people,People,33,people-1,1,Develop a common vision,4,Break down situations to identify the root cause of a misunderstanding of the vision.,Explain how vision context assessment helps identify environmental factors causing misunderstanding.,Context assessment reveals external factors through: (1. Market condition analysis examining how business environment affects vision relevance and stakeholder interpretation; (2. Regulatory impact evaluation identifying how legal or compliance requirements shape vision understanding; (3. Competitive landscape assessment determining how market position influences vision priorities and stakeholder expectations; (4. Technology trend analysis evaluating how emerging capabilities affect vision feasibility and interpretation; (5. Social change recognition understanding how cultural shifts and stakeholder values affect vision acceptance; (6. Economic condition assessment evaluating how financial factors influence vision resource allocation and implementation.,,Hybrid,Predictive,Strategy,Monitoring,standard,[PMBOK 8th] Chapter 2.5,approved
186,people,People,33,people-1,1,Develop a common vision,4,Break down situations to identify the root cause of a misunderstanding of the vision.,What role does stakeholder engagement level analysis play in identifying vision misunderstanding sources?,Engagement analysis reveals understanding through: (1. Participation patterns identifying which stakeholders are actively engaged versus disengaged from vision processes; (2. Feedback frequency measuring how often stakeholders provide input or raise questions about vision elements; (3. Advocacy level assessment recognizing which stakeholders actively promote vision versus those who remain neutral or resistant; (4. Information seeking behavior evaluating whether stakeholders proactively seek vision clarification or wait passively for information; (5. Influence application examining how stakeholders use their influence to shape vision understanding or implementation; (6. Commitment demonstration determining whether stakeholder actions match their stated vision understanding and support.,,Hybrid,Stakeholder,Monitoring,standard,[PMBOK 8th] Chapter 13.3,approved
187,people,People,33,people-1,1,Develop a common vision,4,Break down situations to identify the root cause of a misunderstanding of the vision.,Explain how vision storytelling effectiveness assessment helps identify communication gaps.,Storytelling assessment reveals gaps through: (1. Emotional resonance evaluation determining whether vision stories connect with stakeholder values and motivations; (2. Clarity measurement testing whether vision stories clearly communicate intended meaning and outcomes; (3. Memorability assessment evaluating whether stakeholders can recall and retell vision stories accurately; (4. Behavioral impact analysis measuring whether vision stories inspire stakeholder action and commitment; (5. Cultural relevance testing examining whether vision stories resonate with stakeholder backgrounds and experiences; (6. Consistency evaluation determining whether vision stories remain coherent across different tellers and contexts.,,Hybrid,Communication,Stakeholder,standard,[Process Groups Practice Guide] Chapter 4.4,approved
188,people,People,33,people-1,1,Develop a common vision,4,Break down situations to identify the root cause of a misunderstanding of the vision.,How does vision implementation readiness assessment identify potential misunderstanding sources?,Readiness assessment reveals preparation gaps through: (1. Capability evaluation determining whether stakeholders have skills needed for vision-aligned work; (2. Resource analysis identifying whether vision implementation resources are available and properly allocated; (3. Process assessment evaluating whether organizational systems support vision implementation effectively; (4. Cultural readiness examining whether organizational culture supports vision change and adaptation; (5. Leadership preparation determining whether leaders can effectively champion and implement vision; (6. Stakeholder commitment assessment evaluating whether stakeholders are prepared to dedicate time and effort to vision achievement.,,Hybrid,Predictive,Integration,Planning,standard,[PMBOK 8th] Chapter 4.2,approved
189,people,People,33,people-1,1,Develop a common vision,4,Break down situations to identify the root cause of a misunderstanding of the vision.,Explain how vision communication channel analysis identifies effectiveness gaps.,Channel analysis reveals gaps through: (1. Reach assessment determining whether all stakeholders receive vision information through appropriate channels; (2. Clarity evaluation testing whether different channels maintain vision message consistency and accuracy; (3. Engagement measurement assessing which channels generate the most stakeholder participation and feedback; (4. Frequency analysis determining optimal timing and cadence for vision communication across different channels; (5. Accessibility evaluation ensuring vision information is available when stakeholders need it through preferred channels; (6. Feedback loop analysis measuring whether channels enable two-way communication and stakeholder input.,,Hybrid,Communication,Monitoring,standard,[PMBOK 8th] Chapter 10.2,approved
190,people,People,33,people-1,1,Develop a common vision,4,Break down situations to identify the root cause of a misunderstanding of the vision.,What role does vision barrier analysis play in identifying obstacles to stakeholder understanding?,Barrier analysis reveals obstacles through: (1. Communication barriers identifying technical, linguistic, or informational factors preventing vision understanding; (2. Psychological barriers examining emotional or cognitive factors that block vision acceptance or interpretation; (3. Organizational barriers recognizing structural or procedural factors that impede vision communication; (4. Cultural barriers identifying values, beliefs, or practices that conflict with vision elements; (5. Resource barriers determining lack of time, tools, or support needed for vision understanding; (6. Motivation barriers assessing lack of perceived benefit or relevance that prevents stakeholder engagement.,,Hybrid,Stakeholder,Quality,standard,[PMBOK 8th] Chapter 10.1,approved
191,people,People,33,people-1,1,Develop a common vision,4,Break down situations to identify the root cause of a misunderstanding of the vision.,Explain how vision alignment measurement helps identify understanding gaps across stakeholder groups.,Alignment measurement reveals gaps through: (1. Consistency assessment testing whether different stakeholder groups share common understanding of vision elements; (2. Priority evaluation determining whether stakeholders agree on relative importance of different vision aspects; (3. Implementation approach variation identifying where stakeholder groups disagree on how to achieve vision; (4. Success criteria differences measuring gaps in how different stakeholders define vision achievement; (5. Timeline variance identifying differences in stakeholder expectations for vision implementation schedule; (6. Resource alignment testing whether stakeholders agree on allocation needed for vision achievement.,,Hybrid,Predictive,Monitoring,Integration,standard,[PMBOK 8th] Chapter 13.4,approved
192,people,People,33,people-1,1,Develop a common vision,4,Break down situations to identify the root cause of a misunderstanding of the vision.,How does vision relevance assessment identify misunderstanding causes related to stakeholder needs?,Relevance assessment reveals need gaps through: (1. Benefit analysis determining whether stakeholders understand how vision addresses their specific needs and priorities; (2. Value proposition testing evaluating whether stakeholders perceive vision as delivering meaningful benefits; (3. Personal connection assessment measuring whether stakeholders see how vision relates to their roles and responsibilities; (4. Future impact analysis evaluating whether stakeholders understand how vision affects their long-term interests; (5. Urgency determination identifying whether stakeholders understand timing and importance of vision implementation; (6. Competitive advantage testing evaluating whether stakeholders understand how vision positions organization for success.,,Hybrid,Stakeholder,Integration,standard,[PMBOK 8th] Chapter 13.1,approved
193,people,People,33,people-1,1,Develop a common vision,4,Break down situations to identify the root cause of a misunderstanding of the vision.,Explain how vision feasibility assessment helps identify misunderstanding sources related to implementation.,Feasibility assessment reveals implementation gaps through: (1. Technical evaluation determining whether stakeholders understand capability requirements for vision achievement; (2. Resource analysis identifying whether stakeholders understand time, budget, and personnel needs for vision implementation; (3. Risk assessment measuring whether stakeholders understand challenges and obstacles in vision execution; (4. Change complexity evaluation determining whether stakeholders appreciate scope of change required for vision achievement; (5. Timeline realism testing whether stakeholder expectations align with actual implementation constraints; (6. Capability assessment evaluating whether stakeholders believe organization has skills needed for vision success.,,Hybrid,Predictive,Risk,Planning,advanced,[PMBOK 8th] Chapter 7.2,approved
194,people,People,33,people-1,1,Develop a common vision,4,Break down situations to identify the root cause of a misunderstanding of the vision.,What role does vision ownership assessment play in identifying misunderstanding and commitment gaps?,Ownership assessment reveals commitment gaps through: (1. Responsibility clarity testing whether stakeholders understand their specific roles in vision achievement; (2. Accountability evaluation determining whether stakeholders accept responsibility for vision outcomes; (3. Initiative taking assessment measuring whether stakeholders proactively support vision implementation; (4. Resource commitment testing whether stakeholders dedicate appropriate time and energy to vision success; (5. Problem ownership analysis identifying whether stakeholders take responsibility for solving vision-related challenges; (6. Success sharing evaluation determining whether stakeholders appropriately credit vision achievements to team collaboration.,,Hybrid,Stakeholder,Human Resource,standard,[PMBOK 8th] Chapter 9.1,approved
195,people,People,33,people-1,1,Develop a common vision,4,Break down situations to identify the root cause of a misunderstanding of the vision.,Explain how vision sustainability assessment helps identify long-term understanding and commitment challenges.,Sustainability assessment reveals long-term gaps through: (1. Cultural integration testing whether vision becomes embedded in organizational values and practices; (2. Leadership continuity evaluation determining whether vision understanding persists through leadership and personnel changes; (3. Adaptation capability measuring whether stakeholders can evolve vision understanding as circumstances change; (4. Knowledge transfer assessment testing whether vision understanding spreads beyond current stakeholders to new team members; (5. Process integration evaluating whether vision understanding becomes part of standard organizational procedures; (6. Innovation capacity determining whether vision understanding enables continuous improvement and adaptation.,,Hybrid,Strategy,Integration,advanced,[PMBOK 8th] Chapter 4.8,approved
196,people,People,33,people-1,1,Develop a common vision,4,Break down situations to identify the root cause of a misunderstanding of the vision.,How does vision communication consistency assessment identify understanding maintenance challenges?,Consistency assessment reveals maintenance gaps through: (1. Message coherence testing whether vision communications remain aligned across different channels and time periods; (2. Behavioral alignment measuring whether leadership actions match vision communications over time; (3. Documentation consistency evaluating whether written materials accurately reflect current vision understanding; (4. Stakeholder experience assessment testing whether different stakeholder groups receive consistent vision messages; (5. Evolution management examining how vision changes are communicated and understood across organization; (6. Feedback integration determining whether stakeholder input consistently influences vision refinement and improvement.,,Hybrid,Predictive,Communication,Quality,standard,[PMBOK 8th] Chapter 10.3,approved
197,people,People,33,people-1,1,Develop a common vision,4,Break down situations to identify the root cause of a misunderstanding of the vision.,Explain how vision diversity assessment helps identify understanding challenges across stakeholder backgrounds.,Diversity assessment reveals understanding gaps through: (1. Background analysis examining how stakeholder experiences, education, and expertise affect vision interpretation; (2. Perspective evaluation identifying how different stakeholder viewpoints shape vision understanding and acceptance; (3. Communication preference assessment recognizing how cultural, professional, and personal differences affect vision message reception; (4. Value priority analysis determining how different stakeholder values influence vision element emphasis and interpretation; (5. Language clarity testing whether vision terminology works across diverse stakeholder groups and backgrounds; (6. Inclusion assessment evaluating whether all stakeholder voices are heard and considered in vision understanding.,,Hybrid,Stakeholder,Communication,standard,[PMBOK 8th] Chapter 13.2,approved
198,people,People,33,people-1,1,Develop a common vision,4,Break down situations to identify the root cause of a misunderstanding of the vision.,What role does vision emotional resonance assessment play in identifying understanding barriers?,Emotional resonance assessment reveals connection gaps through: (1. Motivation analysis evaluating whether vision elements inspire stakeholder excitement and commitment; (2. Values alignment testing whether vision connects to stakeholder personal and professional values; (3. Identity assessment measuring whether vision helps stakeholders see themselves in future success; (4. Purpose clarity evaluation determining whether vision provides meaningful reason for stakeholder effort and engagement; (5. Impact awareness testing whether stakeholders understand how vision creates positive change for broader community; (6. Personal relevance analysis evaluating whether stakeholders understand how vision affects their individual growth and success.,,Hybrid,Stakeholder,Communication,standard,[Process Groups Practice Guide] Chapter 3.6,approved
199,people,People,33,people-1,1,Develop a common vision,4,Break down situations to identify the root cause of a misunderstanding of the vision.,Explain how vision trust assessment helps identify fundamental understanding and relationship barriers.,Trust assessment reveals relationship barriers through: (1. Leadership credibility evaluation determining whether stakeholders trust vision messengers and their capabilities; (2. Organizational integrity testing whether stakeholders believe vision promises are achievable and authentic; (3. Consistency analysis measuring whether past vision experiences influence current understanding and acceptance; (4. Transparency assessment evaluating whether stakeholders have sufficient information to trust vision decisions; (5. Competence confidence testing whether stakeholders believe organization can successfully implement vision; (6. Relationship health analysis evaluating overall stakeholder trust in vision process and outcomes.,,Hybrid,Stakeholder,Communication,foundational,[PMBOK 8th] Chapter 2.7,approved
200,people,People,33,people-1,1,Develop a common vision,4,Break down situations to identify the root cause of a misunderstanding of the vision.,How does vision practicality assessment help identify understanding gaps related to implementation?,Practicality assessment reveals implementation gaps through: (1. Action clarity testing whether stakeholders understand specific steps needed to achieve vision; (2. Resource reality evaluation determining whether stakeholders understand practical constraints and limitations; (3. Timeline assessment measuring whether stakeholder expectations align with realistic implementation schedules; (4. Capability analysis identifying whether stakeholders believe organization has needed skills and resources; (5. Risk awareness testing whether stakeholders understand potential challenges and mitigation approaches; (6. Success pathway evaluation determining whether stakeholders see practical route from current state to vision achievement.,,Hybrid,Predictive,Planning,Integration,standard,[PMBOK 8th] Chapter 4.2,approved